{
  "accuracy": 0.96,
  "balanced_accuracy": 0.963188559322034,
  "precision": 0.9912280701754386,
  "recall": 0.9576271186440678,
  "f1": 0.9741379310344828,
  "roc_auc": 0.9939088983050848,
  "pr_auc": 0.9983981571274434,
  "confusion_matrix": [
    [
      31,
      1
    ],
    [
      5,
      113
    ]
  ],
  "model": "logistic_regression",
  "features": "morgan",
  "target": "Epidermal growth factor receptor",
  "n_total": 750,
  "n_train": 600,
  "n_test": 150
}